{
    "GRBL1.X": {
        "ScanList": [
            -0.5,
            -0.4,
            -0.30000000000000004,
            -0.20000000000000007,
            -0.10000000000000009,
            -1.1102230246251565e-16,
            0.09999999999999987,
            0.19999999999999984,
            0.2999999999999998,
            0.3999999999999998
        ]
    },
    "GRBL1.Y": {
        "ScanList": [
            -0.3,
            -0.19999999999999998,
            -0.09999999999999998,
            5.551115123125783e-17,
            0.10000000000000003
        ]
    },
    "GRBL1.Z": {
        "ScanList": [
            -0.4,
            -0.2,
            0.0,
            0.20000000000000007
        ]
    }
}